DATE_TIME,PEAK_POWER_KW,PEAK_CURRENT_A,AMBIENT_TEMPERATURE,MODULE_TEMPERATURE,IRRADIATION,ENERGY_KWH_HOUR,AVG_POWER_KW,IS_GENERATING
15-05-2020 00:00,0,0,24.94703803,22.56234001,0,0,0,0
15-05-2020 01:00,0,0,24.7041257,22.51237347,0,0,0,0
15-05-2020 02:00,0,0,24.99609761,23.6705078,0,0,0,0
15-05-2020 03:00,0,0,24.91522486,23.91711086,0,0,0,0
15-05-2020 04:00,0,0,24.21812694,22.12866881,0,0,0,0
15-05-2020 05:00,636.5041667,885.508077,24.26463941,22.97985052,0.000902492,10.60840278,10.60840278,0
15-05-2020 06:00,102055.7915,141980.5752,24.12632842,23.55485653,0.059116092,1700.929859,1700.929859,0
15-05-2020 07:00,271931.8454,378313.0702,24.9924954,29.29985875,0.15452621,4532.197423,4532.197423,0
15-05-2020 08:00,615570.3536,856384.8418,26.41713839,38.17159722,0.365457047,10259.50589,10259.50589,0
15-05-2020 09:00,749928.5571,1043304.709,27.76201776,43.80295253,0.445167083,12498.80929,12498.80929,0
15-05-2020 10:00,864812.8614,1203132.382,28.99265364,47.80261436,0.511037198,14413.54769,14413.54769,0
15-05-2020 11:00,967636.9362,1346181.797,30.40228244,49.01732904,0.547664619,16127.28227,16127.28227,0
15-05-2020 12:00,1115403.943,1551756.065,31.9916436,50.55298097,0.666788349,18590.06572,18590.06572,1
15-05-2020 13:00,982830.2893,1367318.872,32.71378362,47.72470163,0.547428783,16380.50482,16380.50482,1
15-05-2020 14:00,1088174.859,1513874.814,33.9326277,51.30256615,0.620195328,18136.24765,18136.24765,1
15-05-2020 15:00,789523.9786,1098390.076,34.24926243,44.93045762,0.434652892,13158.73298,13158.73298,0
15-05-2020 16:00,534165.1893,743133.5321,34.07198914,40.50093717,0.300768404,8902.753155,8902.753155,0
15-05-2020 17:00,171583.9911,238708.5866,32.75228542,33.87130255,0.099737832,2859.733185,2859.733185,0
15-05-2020 18:00,8209.291071,11420.81063,28.7598588,27.47427554,0.005753734,136.8215179,136.8215179,0
15-05-2020 19:00,0,0,25.7807061,24.11633968,5.64E-05,0,0,0
15-05-2020 20:00,0,0,22.54572623,20.47094931,0,0,0,0
15-05-2020 21:00,0,0,22.19271236,20.76763508,0,0,0,0
15-05-2020 22:00,0,0,22.13489318,20.92282585,0,0,0,0
15-05-2020 23:00,0,0,22.14524709,21.04970215,0,0,0,0
16-05-2020 00:00,0,0,21.96062765,20.65997797,0,0,0,0
16-05-2020 01:00,0,0,21.77600821,20.27025379,0,0,0,0
16-05-2020 02:00,0,0,21.59008787,19.80141794,0,0,0,0
16-05-2020 03:00,0,0,21.73276169,20.34613489,0,0,0,0
16-05-2020 04:00,0,0,21.9372093,20.74688853,0,0,0,0
16-05-2020 05:00,764.1375,1063.072268,21.90778821,20.56492879,0.000760821,12.735625,12.735625,0
16-05-2020 06:00,93873.9625,130597.9699,22.03905783,21.35107813,0.051653145,1564.566042,1564.566042,0
16-05-2020 07:00,345089.4857,480090.3794,23.03495902,26.13573205,0.18828019,5751.491429,5751.491429,0
16-05-2020 08:00,725309.1411,1009054.043,25.05665117,35.74804698,0.402615617,12088.48568,12088.48568,0
16-05-2020 09:00,836235.2464,1163375.047,26.6683257,40.79827994,0.46399699,13937.25411,13937.25411,0
16-05-2020 10:00,1050829.275,1461919.433,28.33212039,47.77423346,0.562562953,17513.82125,17513.82125,1
16-05-2020 11:00,1038065.35,1444162.191,29.62313786,47.81968815,0.568583873,17301.08917,17301.08917,1
16-05-2020 12:00,1223129.104,1701623.897,30.78638197,51.18435232,0.692432737,20385.48506,20385.48506,1
16-05-2020 13:00,1087833.532,1513399.958,31.50287707,49.7559161,0.590527061,18130.55887,18130.55887,1
16-05-2020 14:00,968648.8196,1347589.534,32.11992734,47.14683725,0.52820837,16144.14699,16144.14699,0
16-05-2020 15:00,655531.0982,911978.4482,32.30053742,42.70869654,0.351489676,10925.5183,10925.5183,0
16-05-2020 16:00,336129.5518,467625.2704,31.91295306,35.67827578,0.175359618,5602.159196,5602.159196,0
16-05-2020 17:00,153278.1143,213241.3507,31.24169921,31.42494291,0.080663515,2554.635238,2554.635238,0
16-05-2020 18:00,10680.50357,14858.77497,29.14623238,26.33040463,0.005787981,178.0083929,178.0083929,0
16-05-2020 19:00,0,0,27.61412724,25.07083103,0,0,0,0
16-05-2020 20:00,0,0,26.50090829,23.86944904,0,0,0,0
16-05-2020 21:00,0,0,25.39739805,22.71814673,0,0,0,0
16-05-2020 22:00,0,0,24.6805838,22.08807245,0,0,0,0
16-05-2020 23:00,0,0,24.33638672,22.01429335,0,0,0,0
17-05-2020 00:00,0,0,23.9694311,21.56018444,0,0,0,0
17-05-2020 01:00,0,0,23.73263247,21.58953993,0,0,0,0
17-05-2020 02:00,0,0,23.38504657,21.35226673,0,0,0,0
17-05-2020 03:00,0,0,23.05335321,21.07573666,0,0,0,0
17-05-2020 04:00,0,0,22.79052977,20.97844923,0,0,0,0
17-05-2020 05:00,22.8375,31.77165487,22.58399665,21.08069465,0.00064157,0.380625,0.380625,0
17-05-2020 06:00,67850.19107,94393.55682,22.85047039,22.18034436,0.041729622,1130.836518,1130.836518,0
17-05-2020 07:00,411533.6304,572527.8368,23.99237047,28.29603717,0.24365325,6858.893839,6858.893839,0
17-05-2020 08:00,793530.4982,1103963.968,26.27726437,40.88836697,0.458287821,13225.5083,13225.5083,0
17-05-2020 09:00,1093438.071,1521197.024,28.65691103,47.99137978,0.624981254,18223.96786,18223.96786,1
17-05-2020 10:00,1347539.736,1874704.649,30.46120381,52.16998275,0.759884344,22458.9956,22458.9956,1
17-05-2020 11:00,1457741.262,2028017.615,32.04071125,60.20607614,0.893772019,24295.68771,24295.68771,1
17-05-2020 12:00,1176533.268,1636799.515,33.22203892,55.77438418,0.706614394,19608.8878,19608.8878,1
17-05-2020 13:00,1047185.548,1456850.261,33.74977606,51.05662566,0.592676477,17453.09247,17453.09247,1
17-05-2020 14:00,915357.6339,1273450.545,34.31295924,48.78264167,0.524317763,15255.96057,15255.96057,0
17-05-2020 15:00,878750.2661,1222522.175,34.94574364,48.04517891,0.49165794,14645.83777,14645.83777,0
17-05-2020 16:00,549708.65,764757.6796,30.47625458,37.56811176,0.298802779,9161.810833,9161.810833,0
17-05-2020 17:00,165873.2804,230763.8146,27.56490988,29.48143481,0.089874008,2764.554673,2764.554673,0
17-05-2020 18:00,9565.966071,13308.2243,26.09937529,25.08627698,0.0059513,159.4327679,159.4327679,0
17-05-2020 19:00,0,0,25.87009803,24.10880247,0,0,0,0
17-05-2020 20:00,0,0,25.40350663,24.04720745,0,0,0,0
17-05-2020 21:00,0,0,22.18864416,21.13598807,0,0,0,0
17-05-2020 22:00,0,0,21.28018615,20.58789578,0,0,0,0
17-05-2020 23:00,0,0,21.22234453,20.60642513,0,0,0,0
18-05-2020 00:00,0,0,21.10920841,20.52114163,0,0,0,0
18-05-2020 01:00,0,0,21.00599052,20.39194733,0,0,0,0
18-05-2020 02:00,0,0,21.11332466,20.26183848,0,0,0,0
18-05-2020 03:00,0,0,21.36565736,20.82790515,0,0,0,0
18-05-2020 04:00,0,0,21.10778343,19.99148274,0,0,0,0
18-05-2020 05:00,1074.7,1495.128516,21.18286901,20.01723701,0.001132642,17.91166667,17.91166667,0
18-05-2020 06:00,99512.30536,138442.0633,21.56708693,21.53956982,0.055577835,1658.538423,1658.538423,0
18-05-2020 07:00,303527.0446,422268.4842,22.62282499,26.91616848,0.163079158,5058.784077,5058.784077,0
18-05-2020 08:00,214061.4161,297803.4125,23.46540305,27.00414807,0.107649323,3567.690268,3567.690268,0
18-05-2020 09:00,209888.1607,291997.5568,23.77274216,27.17671364,0.105073895,3498.136012,3498.136012,0
18-05-2020 10:00,485073.1232,674836.3814,24.12722951,30.21424769,0.247162227,8084.552054,8084.552054,0
18-05-2020 11:00,832389.85,1158025.311,25.22368572,38.85429709,0.436365182,13873.16417,13873.16417,0
18-05-2020 12:00,1070154.266,1488804.466,26.60063126,44.81123508,0.578065396,17835.90443,17835.90443,1
18-05-2020 13:00,1378918.979,1918359.623,27.50109826,48.86718812,0.78535242,22981.98298,22981.98298,1
18-05-2020 14:00,860945.9589,1197752.726,27.5479567,42.28287677,0.469461871,14349.09932,14349.09932,0
18-05-2020 15:00,950606.6554,1322489.177,27.53703123,42.7720622,0.515468214,15843.44426,15843.44426,0
18-05-2020 16:00,487240.2518,677851.3025,27.25572476,35.29432748,0.260796235,8120.670863,8120.670863,0
18-05-2020 17:00,158608.6179,220657.1764,26.05234593,27.95141251,0.083375152,2643.476964,2643.476964,0
18-05-2020 18:00,12544.30536,17451.7062,24.81705984,23.94765123,0.00806172,209.071756,209.071756,0
18-05-2020 19:00,0,0,24.45586318,23.01001018,0,0,0,0
18-05-2020 20:00,0,0,24.04297599,21.9304045,0,0,0,0
18-05-2020 21:00,0,0,23.50257223,21.36119298,0,0,0,0
18-05-2020 22:00,0,0,22.88187912,20.77817707,0,0,0,0
18-05-2020 23:00,0,0,22.73334002,20.82224227,0,0,0,0
19-05-2020 00:00,0,0,22.57147286,20.52545492,0,0,0,0
19-05-2020 01:00,0,0,22.64462449,20.67817236,0,0,0,0
19-05-2020 02:00,0,0,22.86790022,20.80629862,0,0,0,0
19-05-2020 03:00,0,0,23.03328653,20.80531208,0,0,0,0
19-05-2020 04:00,0,0,23.22200482,20.92858946,0,0,0,0
19-05-2020 05:00,0,0,23.25039374,21.23058388,0.000582851,0,0,0
19-05-2020 06:00,69024.25,96026.91402,23.49809394,22.80186678,0.037918147,1150.404167,1150.404167,0
19-05-2020 07:00,348202.7268,484421.5375,24.73208211,28.85181635,0.191062319,5803.37878,5803.37878,0
19-05-2020 08:00,469441.6696,653089.8177,25.55364412,33.12833661,0.253981123,7824.027827,7824.027827,0
19-05-2020 09:00,888733.9536,1236411.536,27.03796523,42.82539537,0.508199016,14812.23256,14812.23256,0
19-05-2020 10:00,1014797.918,1411792.412,27.82553878,44.18232656,0.586744473,16913.29863,16913.29863,1
19-05-2020 11:00,825443.9143,1148362.087,28.3854988,44.4463242,0.462997303,13757.39857,13757.39857,0
19-05-2020 12:00,1226080.35,1705729.687,29.57328319,48.90472019,0.6996964,20434.6725,20434.6725,1
19-05-2020 13:00,1124837.248,1564879.73,29.87801645,48.17924705,0.61864613,18747.28747,18747.28747,1
19-05-2020 14:00,1214145.109,1689125.314,30.20882039,49.4809413,0.676460971,20235.75182,20235.75182,1
19-05-2020 15:00,807355.1589,1123196.912,29.89807676,42.23124465,0.439781018,13455.91932,13455.91932,0
19-05-2020 16:00,537055.4411,747154.4662,29.59952539,38.78099039,0.329378758,8950.924018,8950.924018,0
19-05-2020 17:00,132775.2268,184717.6215,27.89129622,30.1475947,0.088614984,2212.920446,2212.920446,0
19-05-2020 18:00,13.9,19.337756,23.01338577,21.69697344,0.00029619,0.231666667,0.231666667,0
19-05-2020 19:00,0,0,22.49238447,20.4799821,0,0,0,0
19-05-2020 20:00,0,0,23.32063459,20.66509078,0,0,0,0
19-05-2020 21:00,0,0,23.90713226,21.35632276,0,0,0,0
19-05-2020 22:00,0,0,23.53017059,21.23740696,0,0,0,0
19-05-2020 23:00,0,0,22.80415723,20.35697988,0,0,0,0
20-05-2020 00:00,0,0,22.25807256,20.10252792,0,0,0,0
20-05-2020 01:00,0,0,22.15931092,19.85159697,0,0,0,0
20-05-2020 02:00,0,0,21.98175421,19.41735028,0,0,0,0
20-05-2020 03:00,0,0,22.03709739,19.47468622,0,0,0,0
20-05-2020 04:00,0,0,22.10502518,19.42984401,0,0,0,0
20-05-2020 05:00,1504.5,2093.068626,21.77213576,18.86624013,0.001055052,25.075,25.075,0
20-05-2020 06:00,93576.01786,130183.4677,21.93691107,20.10861296,0.05523992,1559.600298,1559.600298,0
20-05-2020 07:00,438526.2357,610080.097,23.42784999,26.37458804,0.260203492,7308.770595,7308.770595,0
20-05-2020 08:00,844719.9804,1175179.056,25.57627095,37.7789378,0.480859384,14078.66634,14078.66634,0
20-05-2020 09:00,1150723.602,1600892.967,27.296657,44.78709836,0.651322979,19178.7267,19178.7267,1
20-05-2020 10:00,1410572.639,1962396.369,28.66925907,50.58114455,0.807666757,23509.54399,23509.54399,1
20-05-2020 11:00,1573919.373,2189645.238,29.92280678,54.73896574,0.913800032,26231.98955,26231.98955,1
20-05-2020 12:00,1623180.995,2258178.275,31.12480274,58.39174444,0.96106179,27053.01658,27053.01658,1
20-05-2020 13:00,1470164.164,2045300.424,31.36428188,54.7695281,0.852256542,24502.73607,24502.73607,1
20-05-2020 14:00,1178625.101,1639709.685,30.87785653,49.13707512,0.6785826,19643.75168,19643.75168,1
20-05-2020 15:00,866357.4772,1205281.26,30.35652234,43.38719131,0.4982773,14439.29129,14439.29129,0
20-05-2020 16:00,554089.8537,770852.8342,29.83518814,37.63730751,0.317971999,9234.830895,9234.830895,0
20-05-2020 17:00,254226.1966,353680.8748,29.20564706,32.14555003,0.144525263,4237.103277,4237.103277,0
20-05-2020 18:00,27237.175,37892.50679,27.56752102,26.26661227,0.015814118,453.9529167,453.9529167,0
20-05-2020 19:00,0,0,26.11331037,23.39127821,0,0,0,0
20-05-2020 20:00,0,0,25.30559123,22.39200975,0,0,0,0
20-05-2020 21:00,0,0,24.67118239,21.81373623,0,0,0,0
20-05-2020 22:00,1457.341667,2027.461695,24.14518692,21.44359656,0.001044802,24.28902778,24.28902778,0
20-05-2020 23:00,37058.11667,51555.45454,23.96418529,22.02264067,0.026567823,617.6352778,617.6352778,0
21-05-2020 00:00,87024.11667,121068.4269,23.91167692,23.03744615,0.062389606,1450.401944,1450.401944,0
21-05-2020 01:00,136990.1167,190581.3994,23.85916854,24.05225164,0.098211389,2283.168611,2283.168611,0
21-05-2020 02:00,186956.1167,260094.3718,23.80666017,25.06705712,0.134033172,3115.935278,3115.935278,0
21-05-2020 03:00,236922.1167,329607.3442,23.75415179,26.08186261,0.169854955,3948.701944,3948.701944,0
21-05-2020 04:00,286888.1167,399120.3166,23.70164342,27.0966681,0.205676739,4781.468611,4781.468611,0
21-05-2020 05:00,336854.1167,468633.289,23.64913505,28.11147358,0.241498522,5614.235278,5614.235278,0
21-05-2020 06:00,386820.1167,538146.2614,23.59662667,29.12627907,0.277320305,6447.001944,6447.001944,0
21-05-2020 07:00,447617.9517,622728.5419,23.59671502,30.42834414,0.317030202,7460.299194,7460.299194,0
21-05-2020 08:00,833808.6019,1159999.086,24.99822968,39.20196548,0.474243636,13896.81003,13896.81003,0
21-05-2020 09:00,1154876.799,1606670.917,27.28361592,49.75087564,0.711091286,19247.94664,19247.94664,1
21-05-2020 10:00,1139851.792,1585768.046,28.57890394,50.93874441,0.696437689,18997.52987,18997.52987,1
21-05-2020 11:00,1535510.186,2136210.166,30.02835689,58.29184276,0.940689277,25591.83643,25591.83643,1
21-05-2020 12:00,1273839.15,1772171.991,30.8076183,54.36717393,0.766109036,21230.65251,21230.65251,1
21-05-2020 13:00,1429030.196,1988074.623,31.61609043,56.1079634,0.843101511,23817.16993,23817.16993,1
21-05-2020 14:00,1083453.869,1507306.947,31.89938476,49.92722145,0.611490112,18057.56448,18057.56448,1
21-05-2020 15:00,811482.9167,1128939.471,32.03575374,46.23417089,0.454141999,13524.71528,13524.71528,0
21-05-2020 16:00,414405.3429,576522.9789,30.74742892,36.86521913,0.221341779,6906.755714,6906.755714,0
21-05-2020 17:00,79842.01429,111076.6468,29.02977074,28.92258189,0.041508502,1330.700238,1330.700238,0
21-05-2020 18:00,7858.896428,10933.33968,27.44731351,25.78951833,0.005742959,130.9816071,130.9816071,0
21-05-2020 19:00,0,0,26.12631357,23.87036194,0,0,0,0
21-05-2020 20:00,0,0,25.122978,22.85893863,0,0,0,0
21-05-2020 21:00,0,0,24.43519055,22.09912614,0,0,0,0
21-05-2020 22:00,0,0,24.10521841,21.52763552,0,0,0,0
21-05-2020 23:00,0,0,23.88703503,21.18757884,0,0,0,0
22-05-2020 00:00,0,0,23.59448931,21.28608198,0,0,0,0
22-05-2020 01:00,0,0,23.50387228,22.1645925,0,0,0,0
22-05-2020 02:00,0,0,23.41247538,22.24997192,0,0,0,0
22-05-2020 03:00,0,0,23.07569255,21.38810879,0,0,0,0
22-05-2020 04:00,0,0,22.96837686,21.40002669,0,0,0,0
22-05-2020 05:00,3283.7625,4568.388345,22.83677237,21.42345343,0.002233227,54.729375,54.729375,0
22-05-2020 06:00,112922.2286,157098.0218,23.16774609,23.00200077,0.062914787,1882.037143,1882.037143,0
22-05-2020 07:00,506232.4607,704273.3674,24.31031391,30.95554119,0.305736066,8437.207679,8437.207679,0
22-05-2020 08:00,525911.7332,731651.2789,25.30471648,34.50268104,0.299421397,8765.195554,8765.195554,0
22-05-2020 09:00,756579.515,1052557.558,26.80523204,38.84638215,0.413194435,12609.65858,12609.65858,0
22-05-2020 10:00,1000502.58,1391904.66,28.07268983,44.07242781,0.58418441,16675.04301,16675.04301,1
22-05-2020 11:00,1393593.091,1938774.328,29.75174767,53.36051392,0.851551545,23226.55152,23226.55152,1
22-05-2020 12:00,1376182.121,1914552.091,31.03464839,56.74981601,0.855510375,22936.36868,22936.36868,1
22-05-2020 13:00,1336683.349,1859601.184,31.74298437,56.14964557,0.780782123,22278.05581,22278.05581,1
22-05-2020 14:00,1272921.471,1770895.311,32.41759167,54.79733105,0.735411483,21215.35786,21215.35786,1
22-05-2020 15:00,708151.5536,985184.3135,32.2755105,46.48072966,0.406381037,11802.52589,11802.52589,0
22-05-2020 16:00,303829.5982,422689.3984,30.33584086,35.40237072,0.164819831,5063.826637,5063.826637,0
22-05-2020 17:00,112308.4,156244.0602,29.07618529,30.2630853,0.061780355,1871.806667,1871.806667,0
22-05-2020 18:00,8349.755357,11616.22531,28.04031012,26.80176112,0.005859556,139.1625893,139.1625893,0
22-05-2020 19:00,0,0,27.17066539,25.55382159,0,0,0,0
22-05-2020 20:00,0,0,26.65516539,24.97664386,0,0,0,0
22-05-2020 21:00,0,0,25.74527996,24.86145161,0,0,0,0
22-05-2020 22:00,0,0,23.3861336,22.32460734,0,0,0,0
22-05-2020 23:00,0,0,21.71826699,20.39108893,0,0,0,0
23-05-2020 00:00,0,0,21.6255943,20.52651023,0,0,0,0
23-05-2020 01:00,0,0,21.56611856,20.38390001,0,0,0,0
23-05-2020 02:00,0,0,21.83024816,20.52934692,0,0,0,0
23-05-2020 03:00,0,0,21.97234897,20.82208826,0,0,0,0
23-05-2020 04:00,0,0,22.04898865,21.10924575,0,0,0,0
23-05-2020 05:00,23928.6019,33289.60181,22.03936315,21.31451087,0.01276768,398.8100317,398.8100317,0
23-05-2020 06:00,76454.86059,106364.4201,22.28197784,22.01546197,0.040818581,1274.247677,1274.247677,0
23-05-2020 07:00,375959.5143,523036.932,23.14062223,27.89617867,0.208337835,6265.991905,6265.991905,0
23-05-2020 08:00,915932.7,1274250.58,25.53979786,40.99867881,0.528181887,15265.545,15265.545,0
23-05-2020 09:00,1120742.302,1559182.818,27.51068504,46.58474495,0.658197311,18679.03836,18679.03836,1
23-05-2020 10:00,1195397.545,1663043.6,28.29833,48.99609853,0.699970951,19923.29241,19923.29241,1
23-05-2020 11:00,1593731.091,2217207.408,29.91483775,58.01653136,0.958282241,26562.18485,26562.18485,1
23-05-2020 12:00,1480580.529,2059791.727,31.1098573,61.14051324,0.904463807,24676.34214,24676.34214,1
23-05-2020 13:00,1505918.486,2095042.032,32.3551594,59.39231172,0.901475844,25098.64143,25098.64143,1
23-05-2020 14:00,1001578.434,1393401.394,32.68898782,51.65445977,0.562920326,16692.9739,16692.9739,1
23-05-2020 15:00,974869.9339,1356244.383,33.04190021,48.29453603,0.524108247,16247.83223,16247.83223,1
23-05-2020 16:00,661371.3214,920103.3987,32.28231585,43.918347,0.377221549,11022.85536,11022.85536,0
23-05-2020 17:00,283947.8125,395029.7494,30.26258279,34.18412826,0.160026841,4732.463542,4732.463542,0
23-05-2020 18:00,41728.38929,58052.76334,28.58632909,28.44365455,0.023973011,695.4731548,695.4731548,0
23-05-2020 19:00,0,0,27.38004433,25.71417985,0,0,0,0
23-05-2020 20:00,0,0,26.56842322,24.77327031,0,0,0,0
23-05-2020 21:00,0,0,26.01546201,23.90414824,0,0,0,0
23-05-2020 22:00,0,0,25.4893577,23.19365366,0,0,0,0
23-05-2020 23:00,0,0,24.88840296,22.47908578,0,0,0,0
24-05-2020 00:00,0,0,24.39752517,21.79240376,0,0,0,0
24-05-2020 01:00,0,0,24.34310805,22.33076463,0,0,0,0
24-05-2020 02:00,0,0,24.35383984,22.11743399,0,0,0,0
24-05-2020 03:00,0,0,23.96978201,21.38408524,0,0,0,0
24-05-2020 04:00,0,0,23.77954779,21.14310601,0,0,0,0
24-05-2020 05:00,1606.775,2235.354166,23.36467831,20.27046655,0.001277058,26.77958333,26.77958333,0
24-05-2020 06:00,103287.2946,143693.8491,23.69558965,22.3406531,0.061139253,1721.454911,1721.454911,0
24-05-2020 07:00,415574.6804,578149.7676,25.35807275,30.61624076,0.262642868,6926.244673,6926.244673,0
24-05-2020 08:00,758964.775,1055875.945,26.60376853,37.68759972,0.430854921,12649.41292,12649.41292,0
24-05-2020 09:00,928888.6607,1292274.984,27.69883264,42.39989777,0.51812822,15481.47768,15481.47768,0
24-05-2020 10:00,1237413.416,1721496.311,29.00317044,48.21088441,0.714296618,20623.55693,20623.55693,1
24-05-2020 11:00,1470043.198,2045132.135,30.57378038,56.95755993,0.887126836,24500.71997,24500.71997,1
24-05-2020 12:00,1554568.552,2162724.27,31.92033248,60.50648031,0.955231188,25909.47586,25909.47586,1
24-05-2020 13:00,1409569.35,1961000.587,33.07955288,60.15173254,0.862510165,23492.8225,23492.8225,1
24-05-2020 14:00,1197875.579,1666491.055,33.61835756,55.7890549,0.735284426,19964.59298,19964.59298,1
24-05-2020 15:00,631262.3375,878215.6156,33.28440997,46.43856728,0.357247065,10521.03896,10521.03896,0
24-05-2020 16:00,506387.0232,704488.3956,32.89838754,40.28999418,0.281611304,8439.78372,8439.78372,0
24-05-2020 17:00,254725.275,354375.1954,31.92280839,35.42331908,0.150978187,4245.42125,4245.42125,0
24-05-2020 18:00,27100.24464,37702.00853,29.72215461,28.28557974,0.015966948,451.670744,451.670744,0
24-05-2020 19:00,0,0,28.0904456,26.21009361,0,0,0,0
24-05-2020 20:00,0,0,26.99799505,25.51658081,0,0,0,0
24-05-2020 21:00,0,0,25.5715028,23.57497356,0,0,0,0
24-05-2020 22:00,0,0,24.6026017,23.21709198,0,0,0,0
24-05-2020 23:00,0,0,24.01643122,22.87269694,0,0,0,0
25-05-2020 00:00,0,0,23.71327323,22.63822141,0,0,0,0
25-05-2020 01:00,0,0,23.78593853,22.61197833,0,0,0,0
25-05-2020 02:00,0,0,23.64887336,22.48742291,0,0,0,0
25-05-2020 03:00,0,0,23.54083283,22.24813892,0,0,0,0
25-05-2020 04:00,0,0,23.42038844,22.07763888,0,0,0,0
25-05-2020 05:00,0,0,23.09489475,21.12858686,0.003449026,0,0,0
25-05-2020 06:00,99974.43393,139084.9791,23.29047257,22.12798333,0.060988661,1666.240565,1666.240565,0
25-05-2020 07:00,367521.5071,511297.9303,24.24172872,27.84130472,0.220015292,6125.358452,6125.358452,0
25-05-2020 08:00,831106.5125,1156239.925,25.7016317,39.18897076,0.480985751,13851.77521,13851.77521,0
25-05-2020 09:00,1220917.177,1698546.652,28.05246024,49.43125533,0.71310828,20348.61961,20348.61961,1
25-05-2020 10:00,1432063.932,1992295.173,29.52591676,55.68478307,0.86069186,23867.7322,23867.7322,1
25-05-2020 11:00,1576558.214,2193316.408,31.13358462,59.50715809,0.94327357,26275.97024,26275.97024,1
25-05-2020 12:00,1609097.098,2238584.682,32.21174796,59.29358626,0.963287503,26818.28497,26818.28497,1
25-05-2020 13:00,1507891.695,2097787.171,33.30175909,60.00253714,0.891019786,25131.52824,25131.52824,1
25-05-2020 14:00,1316606.679,1831670.41,33.80267075,57.26202582,0.778673188,21943.44464,21943.44464,1
25-05-2020 15:00,1105813.455,1538413.726,34.41846127,52.66469852,0.617923388,18430.22426,18430.22426,1
25-05-2020 16:00,395612.0821,550377.6919,33.65126408,40.8074603,0.214245026,6593.534702,6593.534702,0
25-05-2020 17:00,94880.12857,131997.7537,31.67777026,31.6148142,0.052560307,1581.335476,1581.335476,0
25-05-2020 18:00,15599.50536,21702.11715,28.00575792,26.41138825,0.009426849,259.991756,259.991756,0
25-05-2020 19:00,0,0,26.47882798,23.83727003,0,0,0,0
25-05-2020 20:00,0,0,26.32203658,24.00881435,0,0,0,0
25-05-2020 21:00,0,0,24.95063087,24.33143293,0,0,0,0
25-05-2020 22:00,0,0,22.49805533,21.33277438,0,0,0,0
25-05-2020 23:00,0,0,22.44910769,19.92693545,0,0,0,0
26-05-2020 00:00,0,0,22.24226002,19.90543745,0,0,0,0
26-05-2020 01:00,0,0,22.2076972,19.6586344,0,0,0,0
26-05-2020 02:00,0,0,21.71376315,19.19980184,0,0,0,0
26-05-2020 03:00,0,0,21.35523274,19.13163453,0,0,0,0
26-05-2020 04:00,0,0,21.35717829,19.01541177,0,0,0,0
26-05-2020 05:00,1861.45,2589.659418,22.16991743,19.67210495,0.001438766,31.02416667,31.02416667,0
26-05-2020 06:00,105131.5714,146259.617,22.90650297,21.5430845,0.060937885,1752.192857,1752.192857,0
26-05-2020 07:00,434615.0089,604638.7769,24.41627933,29.19773087,0.271683564,7243.583482,7243.583482,0
26-05-2020 08:00,861079.55,1197938.578,26.48728289,41.09044007,0.504608521,14351.32583,14351.32583,0
26-05-2020 09:00,1210080.786,1683471.006,28.00679565,50.66390523,0.715323973,20168.0131,20168.0131,1
26-05-2020 10:00,1423065.573,1979776.607,29.66610021,56.87666979,0.862965585,23717.75955,23717.75955,1
26-05-2020 11:00,1285369.175,1788212.625,30.50253993,55.07942566,0.743209287,21422.81958,21422.81958,1
26-05-2020 12:00,1357124.473,1888038.988,31.66825576,57.36556164,0.823267943,22618.74122,22618.74122,1
26-05-2020 13:00,1285734.614,1788721.026,32.7709165,57.42473517,0.766494168,21428.91024,21428.91024,1
26-05-2020 14:00,701882.8518,976463.2612,32.56242149,46.98507607,0.381842779,11698.04753,11698.04753,0
26-05-2020 15:00,797085.6893,1108909.969,32.83105836,45.36993295,0.432901187,13284.76149,13284.76149,0
26-05-2020 16:00,722549.9321,1005215.416,33.18203147,44.03695671,0.403173968,12042.49887,12042.49887,0
26-05-2020 17:00,147706.0411,205489.452,31.32297447,33.56705274,0.081874266,2461.767351,2461.767351,0
26-05-2020 18:00,8969.828571,12478.87455,28.80917066,27.45950611,0.012925303,149.4971429,149.4971429,0
26-05-2020 19:00,0,0,27.19412552,25.13728849,0,0,0,0
26-05-2020 20:00,0,0,26.24390944,23.41027862,0,0,0,0
26-05-2020 21:00,0,0,26.48598578,25.1610991,0,0,0,0
26-05-2020 22:00,0,0,25.85423312,23.88484453,0,0,0,0
26-05-2020 23:00,0,0,23.86936559,22.75893242,0,0,0,0
27-05-2020 00:00,0,0,23.4123814,21.79137528,0,0,0,0
27-05-2020 01:00,0,0,23.5485959,22.05494113,0,0,0,0
27-05-2020 02:00,0,0,23.64049528,21.674278,0,0,0,0
27-05-2020 03:00,0,0,23.98065142,21.75891025,0,0,0,0
27-05-2020 04:00,0,0,23.56466306,21.51755206,0,0,0,0
27-05-2020 05:00,2109.075,2934.156672,23.39947322,21.54119605,0.001585687,35.15125,35.15125,0
27-05-2020 06:00,119236.8399,165882.9436,23.58005096,22.78663507,0.070307177,1987.280665,1987.280665,0
27-05-2020 07:00,404164.7316,562276.1845,25.21817953,29.62046321,0.239146315,6736.078859,6736.078859,0
27-05-2020 08:00,803604.175,1117978.522,27.09769169,40.10971948,0.482688303,13393.40292,13393.40292,0
27-05-2020 09:00,1078582.843,1500530.349,28.57104274,48.4164273,0.646734374,17976.38072,17976.38072,1
27-05-2020 10:00,966886.919,1345138.369,29.37974193,47.70698592,0.562041092,16114.78198,16114.78198,0
27-05-2020 11:00,1384721.382,1926431.958,31.06158708,57.2128993,0.834413027,23078.6897,23078.6897,1
27-05-2020 12:00,1077161.83,1498553.428,32.17216477,55.75896355,0.672059707,17952.69717,17952.69717,1
27-05-2020 13:00,665301.3786,925570.9157,32.40738366,45.25449112,0.369616011,11088.35631,11088.35631,0
27-05-2020 14:00,750378.3696,1043930.491,32.66331398,45.91292121,0.404750708,12506.30616,12506.30616,0
27-05-2020 15:00,793114.4125,1103385.107,32.36566819,45.26342253,0.438527263,13218.57354,13218.57354,0
27-05-2020 16:00,576740.8875,802365.0763,31.80212532,41.40397735,0.322830978,9612.348125,9612.348125,0
27-05-2020 17:00,156525.5958,217759.2648,30.15744957,31.97255512,0.083940886,2608.759931,2608.759931,0
27-05-2020 18:00,7089.395238,9862.80542,28.45098169,26.89146891,0.005727647,118.1565873,118.1565873,0
27-05-2020 19:00,0,0,25.1868912,24.08723805,2.24E-05,0,0,0
27-05-2020 20:00,0,0,22.94381871,21.28285542,0,0,0,0
27-05-2020 21:00,0,0,23.11739731,20.85469767,0,0,0,0
27-05-2020 22:00,0,0,22.94041266,20.9859619,0,0,0,0
27-05-2020 23:00,0,0,23.38877718,22.25282019,0,0,0,0
28-05-2020 00:00,0,0,23.1545972,21.68272487,0,0,0,0
28-05-2020 01:00,0,0,22.62977753,20.44743584,0,0,0,0
28-05-2020 02:00,0,0,22.47390561,20.59113968,0,0,0,0
28-05-2020 03:00,0,0,22.56099775,20.83651165,0,0,0,0
28-05-2020 04:00,0,0,22.50020004,20.19288094,0,0,0,0
28-05-2020 05:00,2239.9625,3116.248078,21.84813826,19.64943118,0.001405776,37.33270833,37.33270833,0
28-05-2020 06:00,113185.375,157464.1126,22.11192575,20.71704515,0.065695231,1886.422917,1886.422917,0
28-05-2020 07:00,444517.5839,618415.2934,24.08193292,30.59131518,0.282135899,7408.626399,7408.626399,0
28-05-2020 08:00,862321.125,1199665.864,26.45818851,41.00814233,0.504916665,14372.01875,14372.01875,0
28-05-2020 09:00,1198260.389,1667026.406,28.24850066,47.81207994,0.70457032,19971.00649,19971.00649,1
28-05-2020 10:00,1304710.054,1815119.761,29.55980444,52.97710528,0.795339924,21745.16756,21745.16756,1
28-05-2020 11:00,1590488.302,2212696.022,31.06682837,58.14299563,0.948923298,26508.13836,26508.13836,1
28-05-2020 12:00,1559883.852,2170118.944,32.25405896,59.22725618,0.93468006,25998.0642,25998.0642,1
28-05-2020 13:00,1249346.569,1738097.779,33.08603017,54.98874744,0.751480571,20822.44282,20822.44282,1
28-05-2020 14:00,990905.3163,1378552.894,33.0478187,49.08413557,0.555355451,16515.08861,16515.08861,1
28-05-2020 15:00,951970.1024,1324386.012,33.27774626,48.66638275,0.546311222,15866.16837,15866.16837,0
28-05-2020 16:00,504016.4304,701190.4138,32.75978017,39.97615138,0.286810568,8400.273839,8400.273839,0
28-05-2020 17:00,206367.3726,287099.4172,31.96034544,34.51571216,0.118346701,3439.45621,3439.45621,0
28-05-2020 18:00,18579.40179,25847.76536,29.58419673,29.08535518,0.012124323,309.6566964,309.6566964,0
28-05-2020 19:00,0,0,27.59694744,26.24152792,0,0,0,0
28-05-2020 20:00,0,0,26.70526303,25.16661189,0,0,0,0
28-05-2020 21:00,0,0,22.82886792,21.73870456,0,0,0,0
28-05-2020 22:00,2228.28375,3100.000537,21.05713482,20.09897116,0.001406018,37.1380625,37.1380625,0
28-05-2020 23:00,10061.03875,13996.97212,21.0595262,20.13874889,0.006348383,167.6839792,167.6839792,0
29-05-2020 00:00,18163.88875,25269.70135,21.02680706,20.14287787,0.011461175,302.7314792,302.7314792,0
29-05-2020 01:00,26266.73875,36542.43057,20.99408792,20.14700685,0.016573967,437.7789792,437.7789792,0
29-05-2020 02:00,34369.58875,47815.1598,20.96136877,20.15113583,0.021686759,572.8264792,572.8264792,0
29-05-2020 03:00,42472.43875,59087.88902,20.92864963,20.15526481,0.026799551,707.8739791,707.8739791,0
29-05-2020 04:00,50575.28875,70360.61825,20.89593049,20.15939379,0.031912343,842.9214791,842.9214791,0
29-05-2020 05:00,58678.13875,81633.34747,20.86321135,20.16352277,0.037025135,977.9689791,977.9689791,0
29-05-2020 06:00,134794.6825,187527.0993,21.03673393,21.27212942,0.072240416,2246.578042,2246.578042,0
29-05-2020 07:00,308047.4482,428557.2943,22.07642196,27.0108542,0.163504134,5134.124137,5134.124137,0
29-05-2020 08:00,641869.9804,892973.0264,23.59650627,35.04808783,0.350612983,10697.83301,10697.83301,0
29-05-2020 09:00,1025553.122,1426755.111,25.66362962,46.32020673,0.584510773,17092.55203,17092.55203,1
29-05-2020 10:00,1465512.36,2038828.809,27.92016737,56.54717557,0.874718292,24425.206,24425.206,1
29-05-2020 11:00,1437219.654,1999467.841,29.3232662,57.28731559,0.877587017,23953.66089,23953.66089,1
29-05-2020 12:00,1504511.362,2093084.434,30.28744777,60.2475835,0.87635139,25075.18937,25075.18937,1
29-05-2020 13:00,1328829.546,1848674.931,31.32638588,59.39796275,0.787254514,22147.15911,22147.15911,1
29-05-2020 14:00,1079077.87,1501219.033,31.81937703,52.39747962,0.625456705,17984.63116,17984.63116,1
29-05-2020 15:00,938334.85,1305416.574,32.37395376,49.68281935,0.525842947,15638.91417,15638.91417,0
29-05-2020 16:00,623279.1893,867109.4162,31.40764054,42.99648896,0.345233416,10387.98649,10387.98649,0
29-05-2020 17:00,206295.8071,286999.8549,29.12322906,32.52701107,0.11307718,3438.263452,3438.263452,0
29-05-2020 18:00,11706.4875,16286.12942,27.42677029,26.4362044,0.007808761,195.108125,195.108125,0
29-05-2020 19:00,0,0,25.96355745,23.79433523,0,0,0,0
29-05-2020 20:00,0,0,25.57969987,24.1841082,0,0,0,0
29-05-2020 21:00,0,0,25.49330513,24.19986561,0,0,0,0
29-05-2020 22:00,0,0,23.13273237,22.04570241,0,0,0,0
29-05-2020 23:00,0,0,21.52691255,20.77411335,0,0,0,0
30-05-2020 00:00,0,0,21.41585286,20.5966126,0,0,0,0
30-05-2020 01:00,0,0,21.28785884,20.40184795,0,0,0,0
30-05-2020 02:00,0,0,21.33989791,20.58223522,0,0,0,0
30-05-2020 03:00,0,0,21.3888725,20.52884807,0,0,0,0
30-05-2020 04:00,0,0,21.37214759,20.43020116,0,0,0,0
30-05-2020 05:00,1105.2125,1537.577673,21.24112326,20.04587468,0.001177648,18.42020833,18.42020833,0
30-05-2020 06:00,97839.4625,136114.7952,21.39377932,21.04409088,0.053922791,1630.657708,1630.657708,0
30-05-2020 07:00,287669.2018,400206.9665,22.41484947,25.78288133,0.153977291,4794.486696,4794.486696,0
30-05-2020 08:00,478362.4179,665500.4114,23.60743986,32.91862163,0.264019829,7972.706964,7972.706964,0
30-05-2020 09:00,664122.9625,923931.4968,24.70861297,35.1064058,0.348898011,11068.71604,11068.71604,0
30-05-2020 10:00,663792.5268,923471.7928,24.90568981,31.88828422,0.331121923,11063.20878,11063.20878,0
30-05-2020 11:00,1183995.65,1647181.222,25.99088811,44.71428256,0.666425812,19733.26083,19733.26083,1
30-05-2020 12:00,1425126.773,1982644.159,28.19615023,60.47497832,0.902303933,23752.11289,23752.11289,1
30-05-2020 13:00,1417878.9,1972560.879,29.2095027,54.63986151,0.850627926,23631.315,23631.315,1
30-05-2020 14:00,1372909.271,1909998.885,30.16213039,53.03462434,0.791741237,22881.82119,22881.82119,1
30-05-2020 15:00,1059455.536,1473920.334,30.81494756,47.60253787,0.593342501,17657.59226,17657.59226,1
30-05-2020 16:00,623120.4286,866888.5474,30.8513697,40.2573948,0.354554394,10385.34048,10385.34048,0
30-05-2020 17:00,243844.7661,339238.1719,29.91536974,32.66544456,0.144550145,4064.079435,4064.079435,0
30-05-2020 18:00,21424.81071,29806.31381,28.13411647,25.99108063,0.012100101,357.0801786,357.0801786,0
30-05-2020 19:00,0,0,26.43746366,23.71413375,0,0,0,0
30-05-2020 20:00,0,0,25.06515068,23.22092552,0,0,0,0
30-05-2020 21:00,0,0,23.59990783,21.44555645,0,0,0,0
30-05-2020 22:00,0,0,23.28132191,21.23062443,0,0,0,0
30-05-2020 23:00,0,0,23.23997551,21.28615631,0,0,0,0
31-05-2020 00:00,0,0,23.50363087,21.95785048,0,0,0,0
31-05-2020 01:00,0,0,23.60900305,22.11073245,0,0,0,0
31-05-2020 02:00,0,0,23.19175789,21.34956911,0,0,0,0
31-05-2020 03:00,0,0,22.77140596,20.9890329,0,0,0,0
31-05-2020 04:00,0,0,22.30750637,20.71585288,0,0,0,0
31-05-2020 05:00,1484.7,2065.522758,22.02472464,20.61882389,0.001406588,24.745,24.745,0
31-05-2020 06:00,93702.25179,130359.085,22.34641155,22.01650825,0.050804989,1561.704196,1561.704196,0
31-05-2020 07:00,241763.7518,336343.0534,23.0096449,24.89856204,0.125922937,4029.395863,4029.395863,0
31-05-2020 08:00,633101.6964,880774.5418,24.32129194,33.03726353,0.348121056,10551.69494,10551.69494,0
31-05-2020 09:00,864473.3786,1202660.091,26.08444533,42.18900738,0.477380388,14407.88964,14407.88964,0
31-05-2020 10:00,1273899.996,1772256.641,27.59514044,47.87173371,0.742030451,21231.66661,21231.66661,1
31-05-2020 11:00,1239051.6,1723775.361,28.68529249,48.84427175,0.624568248,20650.86,20650.86,1
31-05-2020 12:00,1206493.889,1678480.896,29.69418152,52.64566699,0.707762733,20108.23149,20108.23149,1
31-05-2020 13:00,874933.6375,1217212.461,30.31634555,50.32261306,0.537910128,14582.22729,14582.22729,0
31-05-2020 14:00,636992.5911,886187.5757,29.93792802,43.67783431,0.364484809,10616.54318,10616.54318,0
31-05-2020 15:00,354094.5571,492618.2841,27.55819395,32.09274035,0.180605857,5901.575952,5901.575952,0
31-05-2020 16:00,268100.1571,372982.4046,27.84818873,31.8891541,0.137630295,4468.335952,4468.335952,0
31-05-2020 17:00,180438.5643,251027.1173,27.95641077,30.05272038,0.095867695,3007.309405,3007.309405,0
31-05-2020 18:00,20556.85357,28598.80709,26.85535821,25.95507834,0.011868353,342.6142262,342.6142262,0
31-05-2020 19:00,0,0,25.55761537,23.44162598,0,0,0,0
31-05-2020 20:00,0,0,24.76372048,22.22169143,0,0,0,0
31-05-2020 21:00,0,0,24.16763733,22.01500877,0,0,0,0
31-05-2020 22:00,0,0,23.74979565,21.67626985,0,0,0,0
31-05-2020 23:00,0,0,23.48854053,21.20210617,0,0,0,0
01-06-2020 00:00,0,0,22.92448605,20.27438479,0,0,0,0
01-06-2020 01:00,0,0,22.33022156,20.13225998,0,0,0,0
01-06-2020 02:00,0,0,21.94164481,19.97847818,0,0,0,0
01-06-2020 03:00,0,0,21.58112372,19.6261561,0,0,0,0
01-06-2020 04:00,0,0,21.41980246,19.68146702,0,0,0,0
01-06-2020 05:00,1154.8625,1606.651025,21.27152119,19.56424122,0.001005666,19.24770833,19.24770833,0
01-06-2020 06:00,128277.7875,178460.7594,21.91859603,21.54897811,0.072629886,2137.963125,2137.963125,0
01-06-2020 07:00,525531.5161,731122.3187,23.80611676,28.62251083,0.314640192,8758.858601,8758.858601,0
01-06-2020 08:00,801778.6893,1115438.897,25.72435799,39.61521257,0.469415662,13362.97815,13362.97815,0
01-06-2020 09:00,866400.0982,1205340.554,27.08661424,43.91463758,0.487604392,14440.00164,14440.00164,0
01-06-2020 10:00,1329471.391,1849567.869,28.89437518,53.39129511,0.841073402,22157.85652,22157.85652,1
01-06-2020 11:00,1167989.221,1624912.991,29.65222207,53.31877219,0.666014079,19466.48702,19466.48702,1
01-06-2020 12:00,788706.2804,1097252.49,29.50638402,45.87771176,0.47187294,13145.10467,13145.10467,0
01-06-2020 13:00,987722.3161,1374124.687,28.69224163,42.49202523,0.554143132,16462.0386,16462.0386,1
01-06-2020 14:00,459602.9607,639402.152,26.81783401,32.12009693,0.234109047,7660.049345,7660.049345,0
01-06-2020 15:00,243392.7839,338609.3719,26.66362663,29.74376458,0.120650743,4056.546399,4056.546399,0
01-06-2020 16:00,220159.9143,306287.6766,26.64257948,29.07550561,0.111601967,3669.331905,3669.331905,0
01-06-2020 17:00,106547.3232,148229.2186,25.76692658,26.57029058,0.056393752,1775.78872,1775.78872,0
01-06-2020 18:00,18637.35536,25928.39068,25.19603628,24.15615506,0.01115623,310.6225893,310.6225893,0
01-06-2020 19:00,0,0,24.40900895,22.46166553,0,0,0,0
01-06-2020 20:00,0,0,23.82149351,21.46571672,0,0,0,0
01-06-2020 21:00,0,0,23.41280491,20.97064883,0,0,0,0
01-06-2020 22:00,0,0,22.88713268,20.32603253,0,0,0,0
01-06-2020 23:00,0,0,22.27328398,20.12051515,0,0,0,0
02-06-2020 00:00,0,0,22.4783435,20.18195109,0,0,0,0
02-06-2020 01:00,0,0,21.86312501,19.993248,0,0,0,0
02-06-2020 02:00,0,0,21.55618149,19.63631173,0,0,0,0
02-06-2020 03:00,0,0,21.3070147,19.66494818,0,0,0,0
02-06-2020 04:00,0,0,21.5322222,20.0288222,0,0,0,0
02-06-2020 05:00,1147.975,1597.069097,21.66889935,20.13609753,0.000941293,19.13291667,19.13291667,0
02-06-2020 06:00,80823.89643,112442.6467,22.06814778,21.99022119,0.044834088,1347.06494,1347.06494,0
02-06-2020 07:00,292772.9464,407307.3239,23.27272674,26.00058313,0.152422762,4879.549107,4879.549107,0
02-06-2020 08:00,942291.2964,1310920.804,25.37863399,42.55550998,0.547792549,15704.85494,15704.85494,0
02-06-2020 09:00,1170970.384,1629060.401,26.85584122,47.68607567,0.672749772,19516.17307,19516.17307,1
02-06-2020 10:00,1053462.802,1465583.21,27.38494984,44.75537179,0.579004918,17557.71336,17557.71336,1
02-06-2020 11:00,913186.2411,1270429.692,27.53907976,42.05913935,0.488767987,15219.77068,15219.77068,0
02-06-2020 12:00,1279568.754,1780143.047,27.77632754,45.16274362,0.715114734,21326.14589,21326.14589,1
02-06-2020 13:00,1437968.157,2000509.163,27.75255152,47.52152793,0.801279249,23966.13595,23966.13595,1
02-06-2020 14:00,1027047.262,1428833.767,27.15910575,41.61403354,0.559832827,17117.45437,17117.45437,1
02-06-2020 15:00,796150.575,1107609.033,26.54734775,37.48391876,0.415350925,13269.17625,13269.17625,0
02-06-2020 16:00,569379.5875,792123.9955,26.22407084,34.56183459,0.298298292,9489.659792,9489.659792,0
02-06-2020 17:00,152079.4815,211573.8063,25.18190195,26.74972637,0.083818881,2534.658026,2534.658026,0
02-06-2020 18:00,13164.20417,18314.11282,24.53527525,23.55208171,0.010704067,219.4034028,219.4034028,0
02-06-2020 19:00,0,0,24.14938156,22.0268785,0,0,0,0
02-06-2020 20:00,0,0,23.54433826,20.86639964,0,0,0,0
02-06-2020 21:00,0,0,23.07015304,20.40885444,0,0,0,0
02-06-2020 22:00,0,0,23.08489436,21.00633227,0,0,0,0
02-06-2020 23:00,0,0,23.13879811,21.1803181,0,0,0,0
03-06-2020 00:00,0,0,22.79796808,20.6570807,0,0,0,0
03-06-2020 01:00,0,0,22.84762861,21.4748541,0,0,0,0
03-06-2020 02:00,0,0,22.57012478,21.18864615,0,0,0,0
03-06-2020 03:00,0,0,22.42944635,20.67775976,0,0,0,0
03-06-2020 04:00,0,0,22.33286,20.88769611,0,0,0,0
03-06-2020 05:00,854.475,1188.750292,22.0667749,20.86722066,0.000813301,14.24125,14.24125,0
03-06-2020 06:00,81692.11071,113650.5111,22.01569752,21.77903478,0.044606954,1361.535179,1361.535179,0
03-06-2020 07:00,358878.4768,499273.6992,23.29810545,28.39695669,0.196024143,5981.307946,5981.307946,0
03-06-2020 08:00,626662.3554,871816.0953,25.10127754,34.36019436,0.335738331,10444.37259,10444.37259,0
03-06-2020 09:00,778206.7946,1082645.548,25.92097334,36.72527336,0.412898651,12970.11324,12970.11324,0
03-06-2020 10:00,1076788.514,1498034.069,26.79779817,40.91167923,0.58861368,17946.47524,17946.47524,1
03-06-2020 11:00,1375840.316,1914076.571,28.18228749,48.98679373,0.794409585,22930.67194,22930.67194,1
03-06-2020 12:00,1417893.868,1972581.702,28.54409471,50.07455257,0.78753046,23631.56446,23631.56446,1
03-06-2020 13:00,1245603.605,1732890.546,28.48201413,48.65863506,0.703621252,20760.06008,20760.06008,1
03-06-2020 14:00,1273877.004,1772224.654,28.35109632,48.16545687,0.7202247,21231.2834,21231.2834,1
03-06-2020 15:00,1042401.479,1450194.637,28.3990493,45.38289902,0.585912707,17373.35798,17373.35798,1
03-06-2020 16:00,520422.125,724014.1059,26.94018828,34.22262,0.279426789,8673.702083,8673.702083,0
03-06-2020 17:00,301092.3429,418881.3137,26.25261735,30.67941584,0.18227287,5018.205714,5018.205714,0
03-06-2020 18:00,26053.79286,36246.17908,24.95120992,23.6868428,0.016327923,434.229881,434.229881,0
03-06-2020 19:00,0,0,24.04500577,21.58223968,0,0,0,0
03-06-2020 20:00,0,0,23.65436678,21.2603434,0,0,0,0
03-06-2020 21:00,0,0,23.3544997,20.88293671,0,0,0,0
03-06-2020 22:00,0,0,23.31063641,21.34512596,0,0,0,0
03-06-2020 23:00,0,0,23.28831438,21.85709805,0,0,0,0
04-06-2020 00:00,0,0,23.20967183,21.75316119,0,0,0,0
04-06-2020 01:00,0,0,22.93358385,20.95410974,0,0,0,0
04-06-2020 02:00,0,0,22.88152563,20.98213046,0,0,0,0
04-06-2020 03:00,0,0,22.12352269,19.51987789,0,0,0,0
04-06-2020 04:00,0,0,21.8438669,19.39516173,0,0,0,0
04-06-2020 05:00,1018.8125,1417.377521,22.28886682,20.21669305,0.001058407,16.98020833,16.98020833,0
04-06-2020 06:00,103744.5839,144330.0324,22.49520401,21.26303922,0.061071734,1729.076399,1729.076399,0
04-06-2020 07:00,380665.1643,529583.458,23.72600208,27.92027675,0.227012074,6344.419405,6344.419405,0
04-06-2020 08:00,735037.9518,1022588.818,25.46105069,38.28706453,0.412939368,12250.63253,12250.63253,0
04-06-2020 09:00,922721.9768,1283695.859,26.95525242,42.57279988,0.492311137,15378.69961,15378.69961,0
04-06-2020 10:00,1284821.468,1787450.651,28.0344308,48.12024298,0.755478834,21413.69113,21413.69113,1
04-06-2020 11:00,1307173.716,1818547.221,29.02338809,51.7464706,0.757459764,21786.2286,21786.2286,1
04-06-2020 12:00,1302590.65,1812171.235,29.60102929,51.89721821,0.7824477,21709.84417,21709.84417,1
04-06-2020 13:00,1353164.873,1882530.371,29.97087,52.78603518,0.817277419,22552.74789,22552.74789,1
04-06-2020 14:00,1099549.609,1529699.428,29.17886846,45.26509792,0.598632436,18325.82682,18325.82682,1
04-06-2020 15:00,1124995.57,1565099.988,28.83303208,46.55129801,0.628419708,18749.92616,18749.92616,1
04-06-2020 16:00,728790.5857,1013897.448,28.1131298,39.47636122,0.402686116,12146.50976,12146.50976,0
04-06-2020 17:00,366619.5786,510043.1624,27.21164672,32.41892052,0.214697603,6110.32631,6110.32631,0
04-06-2020 18:00,25733.29107,35800.29525,25.57707533,24.43731856,0.016251309,428.8881845,428.8881845,0
04-06-2020 19:00,0,0,24.55492445,21.7714004,0,0,0,0
04-06-2020 20:00,0,0,23.95867808,21.2438546,0,0,0,0
04-06-2020 21:00,0,0,23.41851158,20.7614287,0,0,0,0
04-06-2020 22:00,0,0,23.01098911,20.17332757,0,0,0,0
04-06-2020 23:00,0,0,22.36243397,19.586011,0,0,0,0
05-06-2020 00:00,0,0,22.39805053,19.92864255,0,0,0,0
05-06-2020 01:00,0,0,22.12324606,19.43324527,0,0,0,0
05-06-2020 02:00,0,0,21.9705143,19.55744972,0,0,0,0
05-06-2020 03:00,0,0,21.88764202,19.62235204,0,0,0,0
05-06-2020 04:00,0,0,21.64607874,19.39184242,0,0,0,0
05-06-2020 05:00,1358.9875,1890.630841,21.5971377,19.60731861,0.001278866,22.64979167,22.64979167,0
05-06-2020 06:00,95567.32143,132953.7801,21.95408915,20.76040888,0.05257327,1592.788691,1592.788691,0
05-06-2020 07:00,274893.9321,382433.9415,22.94908317,25.70900633,0.152459591,4581.565536,4581.565536,0
05-06-2020 08:00,793086.8464,1103346.757,24.79523929,36.5927059,0.466313873,13218.11411,13218.11411,0
05-06-2020 09:00,1071492.313,1490665.964,26.88331018,45.54600181,0.597237608,17858.20521,17858.20521,1
05-06-2020 10:00,1187387.784,1651900.378,27.7310774,49.03699692,0.66511604,19789.7964,19789.7964,1
05-06-2020 11:00,1347898.466,1875203.716,28.42362148,55.85524874,0.863575376,22464.97444,22464.97444,1
05-06-2020 12:00,650075.5536,904388.6647,25.80939636,34.31406045,0.332665403,10834.59256,10834.59256,0
05-06-2020 13:00,1337035.505,1860091.106,26.77542527,47.62115041,0.758261849,22283.92509,22283.92509,1
05-06-2020 14:00,1257118.171,1748909.674,29.31798226,51.79843921,0.720464328,20951.96952,20951.96952,1
05-06-2020 15:00,908696.5875,1264183.661,29.21981667,44.22810103,0.509637716,15144.94313,15144.94313,0
05-06-2020 16:00,746650.7571,1038744.616,29.01677569,40.70241623,0.419121563,12444.17929,12444.17929,0
05-06-2020 17:00,406298.6768,565244.9408,28.20844599,34.26137359,0.233841195,6771.644613,6771.644613,0
05-06-2020 18:00,41051.4375,57110.98431,26.41700987,26.29202713,0.025618119,684.190625,684.190625,0
05-06-2020 19:00,0,0,24.79905336,22.21510783,0,0,0,0
05-06-2020 20:00,0,0,24.0576512,21.25028588,0,0,0,0
05-06-2020 21:00,0,0,23.46266622,20.53432711,0,0,0,0
05-06-2020 22:00,0,0,22.92782725,19.98251873,0,0,0,0
05-06-2020 23:00,0,0,22.53606743,19.71598178,0,0,0,0
06-06-2020 00:00,0,0,22.3417972,19.61750314,0,0,0,0
06-06-2020 01:00,0,0,22.11005919,19.52643622,0,0,0,0
06-06-2020 02:00,0,0,21.82640729,19.37688952,0,0,0,0
06-06-2020 03:00,0,0,21.52318904,19.15657893,0,0,0,0
06-06-2020 04:00,0,0,21.23755271,18.89984962,0,0,0,0
06-06-2020 05:00,2001.5875,2784.619474,20.61356614,18.26353173,0.001578579,33.35979167,33.35979167,0
06-06-2020 06:00,126420.1161,175876.3567,21.36336144,20.2633896,0.077398289,2107.001935,2107.001935,0
06-06-2020 07:00,504395.3196,701717.5267,23.52406751,29.95366288,0.324129044,8406.588661,8406.588661,0
06-06-2020 08:00,744909.1839,1036321.73,25.72606428,40.49699916,0.439752385,12415.15307,12415.15307,0
06-06-2020 09:00,913337.5786,1270640.233,26.90036263,41.74698972,0.537776054,15222.29298,15222.29298,0
06-06-2020 10:00,1180440.007,1642234.592,28.22199598,50.079637,0.694206772,19674.00012,19674.00012,1
06-06-2020 11:00,1071852.95,1491167.685,29.32122231,48.79617413,0.609023038,17864.21583,17864.21583,1
06-06-2020 12:00,1217210.627,1693390.08,29.89701042,50.75099243,0.760844116,20286.84378,20286.84378,1
06-06-2020 13:00,1059852.716,1474472.894,28.35838509,43.09484052,0.585490894,17664.21193,17664.21193,1
06-06-2020 14:00,801503.0465,1115055.421,26.97206294,40.30125832,0.452353037,13358.38411,13358.38411,0
06-06-2020 15:00,518205.8768,720930.8493,26.2202762,31.94482992,0.26306711,8636.764613,8636.764613,0
06-06-2020 16:00,194948.7821,271213.8117,25.67200234,28.31886128,0.09804182,3249.146369,3249.146369,0
06-06-2020 17:00,64626.75179,89909.09046,24.52226756,24.84621064,0.0331136,1077.11253,1077.11253,0
06-06-2020 18:00,5283.332143,7350.200566,23.8071967,23.05928662,0.004944755,88.05553572,88.05553572,0
06-06-2020 19:00,0,0,22.94288169,21.65551621,0,0,0,0
06-06-2020 20:00,0,0,22.3081912,20.32133511,0,0,0,0
06-06-2020 21:00,0,0,22.20673432,20.42998159,0,0,0,0
06-06-2020 22:00,0,0,22.14748989,20.22709802,0,0,0,0
06-06-2020 23:00,0,0,22.12346799,20.21352996,0,0,0,0
07-06-2020 00:00,0,0,22.19668189,20.54004702,0,0,0,0
07-06-2020 01:00,0,0,22.2368385,20.74534836,0,0,0,0
07-06-2020 02:00,0,0,22.03796639,20.39571253,0,0,0,0
07-06-2020 03:00,0,0,21.90158204,20.20453445,0,0,0,0
07-06-2020 04:00,0,0,21.94361667,20.38651819,0,0,0,0
07-06-2020 05:00,897.8625,1249.111219,22.11732615,20.81186027,0.000891468,14.964375,14.964375,0
07-06-2020 06:00,113294.8946,157616.4769,22.13990548,22.14096624,0.064080583,1888.248244,1888.248244,0
07-06-2020 07:00,288778.1643,401749.7612,22.58620597,26.47339994,0.152370693,4812.969405,4812.969405,0
07-06-2020 08:00,590919.7643,822090.8072,23.29039431,31.63811028,0.309554309,9848.662738,9848.662738,0
07-06-2020 09:00,953798.175,1326929.236,24.47833406,40.46956129,0.511500235,15896.63625,15896.63625,0
07-06-2020 10:00,1269595.002,1766267.509,25.83442464,45.58348123,0.71701025,21159.9167,21159.9167,1
07-06-2020 11:00,1560755.891,2171332.13,27.65962302,55.96372184,0.925764484,26012.59818,26012.59818,1
07-06-2020 12:00,1397050.029,1943583.639,29.01864028,58.3657941,1.003056997,23284.16714,23284.16714,1
07-06-2020 13:00,1045812.971,1454940.724,29.9648745,53.75617486,0.809597673,17430.21619,17430.21619,1
07-06-2020 14:00,949506.2,1320958.217,30.15964599,47.06600679,0.548444132,15825.10333,15825.10333,0
07-06-2020 15:00,952812.3554,1325557.759,30.2842181,45.2327087,0.520909267,15880.20592,15880.20592,0
07-06-2020 16:00,650006.325,904292.3535,29.74658178,39.76110005,0.364515306,10833.43875,10833.43875,0
07-06-2020 17:00,285988.6357,397868.9538,28.1270637,31.91331565,0.159865378,4766.477262,4766.477262,0
07-06-2020 18:00,22876.15,31825.42497,25.97728695,24.7189812,0.013032439,381.2691667,381.2691667,0
07-06-2020 19:00,0,0,24.71596042,22.43196565,0,0,0,0
07-06-2020 20:00,0,0,24.03514355,22.13530167,0,0,0,0
07-06-2020 21:00,0,0,23.63271544,22.03165962,0,0,0,0
07-06-2020 22:00,0,0,23.17492659,21.36313012,0,0,0,0
07-06-2020 23:00,0,0,23.27327963,22.0440783,0,0,0,0
08-06-2020 00:00,0,0,23.03737428,21.69492315,0,0,0,0
08-06-2020 01:00,0,0,22.59360744,21.0141641,0,0,0,0
08-06-2020 02:00,0,0,22.40627559,21.14515008,0,0,0,0
08-06-2020 03:00,0,0,22.13992003,20.94787039,0,0,0,0
08-06-2020 04:00,0,0,21.96091463,20.6325657,0,0,0,0
08-06-2020 05:00,1513.4625,2105.537306,21.55495035,20.22131788,0.001363724,25.224375,25.224375,0
08-06-2020 06:00,101886.7179,141745.359,21.69433977,21.61875961,0.056916551,1698.111964,1698.111964,0
08-06-2020 07:00,357499.9446,497355.8778,22.78359634,27.40284314,0.207860768,5958.332411,5958.332411,0
08-06-2020 08:00,691600.9696,962159.0506,24.44713772,36.03040646,0.384427114,11526.68283,11526.68283,0
08-06-2020 09:00,1328399,1848075.952,26.88603561,48.34555033,0.764372541,22139.98333,22139.98333,1
08-06-2020 10:00,1473934.095,2050545.172,28.25803055,51.89460522,0.857715967,24565.56824,24565.56824,1
08-06-2020 11:00,1382437.848,1923255.093,28.83762057,49.57343674,0.793209961,23040.6308,23040.6308,1
08-06-2020 12:00,1232760.275,1715022.835,29.23251501,47.61688739,0.715644078,20546.00458,20546.00458,1
08-06-2020 13:00,1184752.534,1648234.203,30.03479876,51.15578929,0.739381324,19745.87557,19745.87557,1
08-06-2020 14:00,1325885.166,1844578.693,30.73294803,52.26200913,0.756439175,22098.0861,22098.0861,1
08-06-2020 15:00,996866.6839,1386846.381,30.68725431,46.36428611,0.550325514,16614.44473,16614.44473,1
08-06-2020 16:00,594062.475,826462.9635,28.89824249,37.54336327,0.329775145,9901.04125,9901.04125,0
08-06-2020 17:00,247760.1607,344685.2903,28.5210477,32.09276253,0.1503642,4129.336012,4129.336012,0
08-06-2020 18:00,31952.63929,44452.68649,26.90605889,25.85074161,0.021085617,532.5439881,532.5439881,0
08-06-2020 19:00,0,0,25.362414,22.77380096,0,0,0,0
08-06-2020 20:00,0,0,24.20659125,21.0109079,0,0,0,0
08-06-2020 21:00,0,0,23.44206507,20.54684373,0,0,0,0
08-06-2020 22:00,0,0,23.18568752,20.79011296,0,0,0,0
08-06-2020 23:00,0,0,22.67348122,20.08241757,0,0,0,0
09-06-2020 00:00,0,0,22.17747532,19.37974561,0,0,0,0
09-06-2020 01:00,0,0,21.78107076,19.43136446,0,0,0,0
09-06-2020 02:00,0,0,21.39896813,19.23435069,0,0,0,0
09-06-2020 03:00,0,0,21.2947587,19.31156699,0,0,0,0
09-06-2020 04:00,0,0,21.32733222,19.74336708,0,0,0,0
09-06-2020 05:00,2389.2875,3323.989834,21.20513653,19.34877984,0.001756639,39.82145833,39.82145833,0
09-06-2020 06:00,125046.3804,173965.2081,21.8015402,20.86695186,0.073119603,2084.106339,2084.106339,0
09-06-2020 07:00,374769.2107,521380.9752,23.46480594,27.80472693,0.242094761,6246.153512,6246.153512,0
09-06-2020 08:00,891427.1143,1240158.276,25.60453971,40.48400447,0.529862147,14857.11857,14857.11857,0
09-06-2020 09:00,1091604.13,1518645.635,27.60020567,46.44350396,0.635675445,18193.40217,18193.40217,1
09-06-2020 10:00,1369273.537,1904940.832,28.64433573,49.73477329,0.820018426,22821.22562,22821.22562,1
09-06-2020 11:00,1377278.027,1916076.722,30.01361666,54.02390824,0.822154188,22954.63378,22954.63378,1
09-06-2020 12:00,1237313.804,1721357.729,30.42302574,51.55904223,0.741791621,20621.89673,20621.89673,1
09-06-2020 13:00,1206010.279,1677808.094,31.18157375,54.13451167,0.711619275,20100.17131,20100.17131,1
09-06-2020 14:00,972299.6036,1352668.525,30.79053438,45.57806814,0.527187159,16204.99339,16204.99339,0
09-06-2020 15:00,1018127.416,1416424.428,30.45999315,44.84190512,0.55960391,16968.79027,16968.79027,1
09-06-2020 16:00,642036.8946,893205.2384,29.75537431,39.36570648,0.355079187,10700.61491,10700.61491,0
09-06-2020 17:00,269928.5196,375526.0325,28.1978032,31.79951893,0.150549613,4498.808661,4498.808661,0
09-06-2020 18:00,31058.05536,43208.13644,26.60404881,25.75563897,0.018156357,517.634256,517.634256,0
09-06-2020 19:00,0,0,25.25651431,22.93722384,0,0,0,0
09-06-2020 20:00,0,0,24.47472097,22.10104736,0,0,0,0
09-06-2020 21:00,0,0,23.73062621,21.33622806,0,0,0,0
09-06-2020 22:00,0,0,23.09958524,20.67245887,0,0,0,0
09-06-2020 23:00,0,0,22.86234364,20.63720284,0,0,0,0
10-06-2020 00:00,0,0,22.73380709,20.8686557,0,0,0,0
10-06-2020 01:00,0,0,22.46825659,20.64372286,0,0,0,0
10-06-2020 02:00,0,0,22.36258001,20.64217471,0,0,0,0
10-06-2020 03:00,0,0,22.1383074,20.0592852,0,0,0,0
10-06-2020 04:00,0,0,21.9001249,19.82318476,0,0,0,0
10-06-2020 05:00,1437.325,1999.614399,21.84368932,19.42777107,0.001121859,23.95541667,23.95541667,0
10-06-2020 06:00,116522.6179,162106.9031,22.20272586,21.04685528,0.068538956,1942.043631,1942.043631,0
10-06-2020 07:00,425683.4196,592213.101,23.83812418,29.56388588,0.269486081,7094.723661,7094.723661,0
10-06-2020 08:00,601413.4571,836689.6901,25.34204483,35.40445606,0.327856377,10023.55762,10023.55762,0
10-06-2020 09:00,893614.4196,1243201.267,26.85327175,41.59265176,0.503906301,14893.57366,14893.57366,0
10-06-2020 10:00,790663.4036,1099975.25,27.46779009,39.6251233,0.434816078,13177.72339,13177.72339,0
10-06-2020 11:00,1110157.682,1544457.438,28.38748968,44.46879074,0.655398122,18502.62804,18502.62804,1
10-06-2020 12:00,1470501.595,2045769.859,30.36784704,53.80038357,0.870521776,24508.35991,24508.35991,1
10-06-2020 13:00,1201025.191,1670872.813,31.04691125,49.49961278,0.677473634,20017.08652,20017.08652,1
10-06-2020 14:00,678939.4911,944544.3324,29.25050541,40.4796058,0.384166425,11315.65818,11315.65818,0
10-06-2020 15:00,486498.6911,676819.6392,24.70111036,28.99829299,0.238085445,8108.311518,8108.311518,0
10-06-2020 16:00,483670.1089,672884.5002,26.19927138,33.67604221,0.253561533,8061.168482,8061.168482,0
10-06-2020 17:00,215683.2893,300059.7714,25.86529587,29.12942998,0.11536288,3594.721488,3594.721488,0
10-06-2020 18:00,13251.675,18435.80272,25.05827812,24.57646341,0.00777753,220.86125,220.86125,0
10-06-2020 19:00,0,0,24.43826919,23.06190078,0,0,0,0
10-06-2020 20:00,0,0,22.81435758,21.64605171,0,0,0,0
10-06-2020 21:00,0,0,22.31033354,21.01137297,0,0,0,0
10-06-2020 22:00,0,0,22.03365032,20.68221453,0,0,0,0
10-06-2020 23:00,0,0,22.42312528,21.24942859,0,0,0,0
11-06-2020 00:00,0,0,22.48238769,21.55381977,0,0,0,0
11-06-2020 01:00,0,0,22.23443988,20.9638247,0,0,0,0
11-06-2020 02:00,0,0,21.87672545,20.46740435,0,0,0,0
11-06-2020 03:00,0,0,21.39824461,19.73345695,0,0,0,0
11-06-2020 04:00,0,0,21.20215215,19.6237682,0,0,0,0
11-06-2020 05:00,0,0,21.79798267,20.29490876,0.000291035,0,0,0
11-06-2020 06:00,45031.24643,62647.71626,21.90072244,21.26924622,0.024167339,750.5207738,750.5207738,0
11-06-2020 07:00,203633.2714,283295.7207,22.36407218,24.57640599,0.10200468,3393.887857,3393.887857,0
11-06-2020 08:00,403620.7625,561519.4118,23.57674393,29.44309214,0.202206718,6727.012708,6727.012708,0
11-06-2020 09:00,577214.8679,803024.4803,24.47055644,33.17383057,0.287104392,9620.247798,9620.247798,0
11-06-2020 10:00,754676.4054,1049909.942,25.44056932,36.39669004,0.383824639,12577.94009,12577.94009,0
11-06-2020 11:00,1018890.821,1417486.482,26.66825743,41.03330231,0.536526485,16981.51369,16981.51369,1
11-06-2020 12:00,993653.6911,1382376.448,27.54010362,41.973788,0.526653604,16560.89485,16560.89485,1
11-06-2020 13:00,817411.1232,1137186.824,27.96887402,39.52163306,0.432618026,13623.51872,13623.51872,0
11-06-2020 14:00,1064557.559,1481018.297,28.60487263,43.16772062,0.570752896,17742.62598,17742.62598,1
11-06-2020 15:00,840376.9411,1169136.996,28.44018086,40.02593635,0.449551853,14006.28235,14006.28235,0
11-06-2020 16:00,482363.4518,671066.6717,27.42261857,32.99964814,0.254237987,8039.390863,8039.390863,0
11-06-2020 17:00,189060.7821,263022.3939,26.34334646,27.47213682,0.100708166,3151.013036,3151.013036,0
11-06-2020 18:00,22132.01429,30790.17929,25.30195285,24.17087867,0.012778591,368.8669048,368.8669048,0
11-06-2020 19:00,0,0,24.40420527,22.71572034,0,0,0,0
11-06-2020 20:00,0,0,23.99793438,22.67507471,0,0,0,0
11-06-2020 21:00,0,0,23.71160656,22.3229589,0,0,0,0
11-06-2020 22:00,0,0,23.49337113,22.25120495,0,0,0,0
11-06-2020 23:00,0,0,23.04699233,21.15315965,0,0,0,0
12-06-2020 00:00,0,0,22.7099249,20.86276756,0,0,0,0
12-06-2020 01:00,0,0,22.47515043,20.55097329,0,0,0,0
12-06-2020 02:00,0,0,22.03282914,19.68748896,0,0,0,0
12-06-2020 03:00,0,0,21.89532061,20.48646157,0,0,0,0
12-06-2020 04:00,0,0,21.18870704,19.79490419,0,0,0,0
12-06-2020 05:00,0,0,20.94267335,19.95503331,0.000425049,0,0,0
12-06-2020 06:00,52894.8875,73587.65672,21.29239554,21.07888679,0.029364432,881.5814583,881.5814583,0
12-06-2020 07:00,148815.3482,207032.7261,21.97111499,23.53225093,0.076558975,2480.255804,2480.255804,0
12-06-2020 08:00,431363.0929,600114.6934,23.00207985,27.1652162,0.222128971,7189.384881,7189.384881,0
12-06-2020 09:00,747322.1482,1039678.659,24.31866385,34.83418898,0.393000581,12455.36914,12455.36914,0
12-06-2020 10:00,920753.7643,1280957.671,25.3228403,37.4717489,0.475521619,15345.89607,15345.89607,0
12-06-2020 11:00,1147790.068,1596811.818,25.94565591,40.64208906,0.604016229,19129.83446,19129.83446,1
12-06-2020 12:00,1014834.888,1411843.845,27.07510748,43.35577737,0.545980452,16913.91479,16913.91479,1
12-06-2020 13:00,1100450.704,1530953.036,27.74245959,43.33752881,0.593522246,18340.84506,18340.84506,1
12-06-2020 14:00,874416.0643,1216492.41,28.41492473,41.39162005,0.474684606,14573.60107,14573.60107,0
12-06-2020 15:00,637459.8839,886837.6761,27.93721471,36.5187756,0.338327369,10624.3314,10624.3314,0
12-06-2020 16:00,340167.4214,473242.7767,27.08942805,31.32593435,0.179924123,5669.457024,5669.457024,0
12-06-2020 17:00,224489.725,312311.3329,26.44138475,28.85844558,0.125395386,3741.495417,3741.495417,0
12-06-2020 18:00,28587.425,39770.98197,25.60009467,25.24039918,0.016537728,476.4570833,476.4570833,0
12-06-2020 19:00,0,0,24.03673333,22.54032495,0,0,0,0
12-06-2020 20:00,0,0,22.89773979,21.34733118,0,0,0,0
12-06-2020 21:00,0,0,22.57288857,20.97925814,0,0,0,0
12-06-2020 22:00,0,0,22.58012113,21.00750496,0,0,0,0
12-06-2020 23:00,0,0,22.13167113,19.95852089,0,0,0,0
13-06-2020 00:00,0,0,21.68499789,19.54601069,0,0,0,0
13-06-2020 01:00,0,0,21.71973205,19.63883292,0,0,0,0
13-06-2020 02:00,0,0,21.81194869,19.76025771,0,0,0,0
13-06-2020 03:00,0,0,21.76894321,19.85722703,0,0,0,0
13-06-2020 04:00,0,0,21.69741842,19.68623421,0,0,0,0
13-06-2020 05:00,1392.05,1936.627572,21.49567286,18.97895273,0.001012823,23.20083333,23.20083333,0
13-06-2020 06:00,93855.79643,130572.6972,21.37360183,19.70665521,0.056295915,1564.263274,1564.263274,0
13-06-2020 07:00,442735.5107,615936.0633,23.49087163,29.32145977,0.28018024,7378.925179,7378.925179,0
13-06-2020 08:00,874202.6554,1216195.514,25.6068411,39.6170046,0.500854352,14570.04426,14570.04426,0
13-06-2020 09:00,1083696.454,1507644.432,26.91041073,44.40533028,0.621915542,18061.60756,18061.60756,1
13-06-2020 10:00,1376040.736,1914355.396,28.10892168,48.69925883,0.767871242,22934.01226,22934.01226,1
13-06-2020 11:00,1606855.943,2235466.774,29.33234128,53.34782424,0.929282731,26780.93238,26780.93238,1
13-06-2020 12:00,1497112.87,2082791.61,29.67422073,52.68337104,0.881527682,24951.88116,24951.88116,1
13-06-2020 13:00,1159674.548,1613345.572,27.4454272,42.90146153,0.635169987,19327.90914,19327.90914,1
13-06-2020 14:00,1348616.979,1876203.315,26.87988029,46.75214582,0.756629991,22476.94964,22476.94964,1
13-06-2020 15:00,1033480.741,1437784.058,27.84731982,44.49812509,0.581088229,17224.67902,17224.67902,1
13-06-2020 16:00,426755.2232,593704.2,26.97407063,34.71015676,0.230335401,7112.587054,7112.587054,0
13-06-2020 17:00,164560.3179,228937.214,25.85680386,28.26876763,0.091585557,2742.671964,2742.671964,0
13-06-2020 18:00,21509.98036,29924.80229,24.80185243,24.04571425,0.013588948,358.4996726,358.4996726,0
13-06-2020 19:00,0,0,23.94755056,22.08315801,0,0,0,0
13-06-2020 20:00,0,0,23.59697426,22.14575525,0,0,0,0
13-06-2020 21:00,0,0,22.93564829,20.75573273,0,0,0,0
13-06-2020 22:00,0,0,22.44224248,20.03238955,0,0,0,0
13-06-2020 23:00,0,0,22.26054632,20.32773685,0,0,0,0
14-06-2020 00:00,0,0,22.36802129,20.82829905,0,0,0,0
14-06-2020 01:00,0,0,22.57649159,21.123536,0,0,0,0
14-06-2020 02:00,0,0,22.53495808,21.24179504,0,0,0,0
14-06-2020 03:00,0,0,22.20623915,20.41233802,0,0,0,0
14-06-2020 04:00,0,0,22.25037387,20.52143345,0,0,0,0
14-06-2020 05:00,720.2,1001.946178,22.4558004,21.29167154,0.000957079,12.00333333,12.00333333,0
14-06-2020 06:00,96619.62679,134417.7531,22.74998318,23.01488931,0.055611373,1610.327113,1610.327113,0
14-06-2020 07:00,444462.9196,618339.2441,23.62084908,28.69784018,0.2424948,7407.715327,7407.715327,0
14-06-2020 08:00,615829.9,856745.9242,23.99786014,31.15177723,0.330171728,10263.83167,10263.83167,0
14-06-2020 09:00,1018676.252,1417187.972,25.59947529,40.35388296,0.549400763,16977.93753,16977.93753,1
14-06-2020 10:00,1242529.918,1728614.416,26.42061241,41.89526374,0.673202064,20708.83196,20708.83196,1
14-06-2020 11:00,1007085.157,1401062.377,26.4826469,42.83202231,0.57747439,16784.75262,16784.75262,1
14-06-2020 12:00,880253.4571,1224613.423,25.15065987,36.44454217,0.494568918,14670.89095,14670.89095,0
14-06-2020 13:00,1300110.639,1808721.03,26.52752264,45.63832772,0.811536898,21668.51065,21668.51065,1
14-06-2020 14:00,1172807.493,1631616.197,27.58411306,50.53365587,0.712413404,19546.79155,19546.79155,1
14-06-2020 15:00,960925.7839,1336845.205,27.23574951,42.66221265,0.519517929,16015.42973,16015.42973,0
14-06-2020 16:00,424820.9768,591013.2658,26.45563555,33.25387054,0.227631463,7080.349613,7080.349613,0
14-06-2020 17:00,141164.7357,196389.1522,25.68032914,27.65912455,0.07654469,2352.745595,2352.745595,0
14-06-2020 18:00,16632.36071,23139.03117,25.02646427,24.45060082,0.010529832,277.2060119,277.2060119,0
14-06-2020 19:00,0,0,24.40026952,22.94106729,0,0,0,0
14-06-2020 20:00,0,0,23.90655217,22.60718133,0,0,0,0
14-06-2020 21:00,0,0,23.83249691,22.80365069,0,0,0,0
14-06-2020 22:00,0,0,23.57676806,21.86496559,0,0,0,0
14-06-2020 23:00,0,0,23.39315329,22.06129537,0,0,0,0
15-06-2020 00:00,0,0,23.13577014,22.36929027,0,0,0,0
15-06-2020 01:00,0,0,22.57282218,21.73109082,0,0,0,0
15-06-2020 02:00,0,0,22.0869488,20.90481708,0,0,0,0
15-06-2020 03:00,0,0,22.14294445,21.30097576,0,0,0,0
15-06-2020 04:00,0,0,21.67577171,20.59024724,0,0,0,0
15-06-2020 05:00,1418.9,1973.981438,21.45980634,20.01010579,0.001268176,23.64833333,23.64833333,0
15-06-2020 06:00,125967.8143,175247.112,22.00594285,22.49750724,0.070441339,2099.463571,2099.463571,0
15-06-2020 07:00,381645.6429,530947.5052,23.52988943,28.84159066,0.213721365,6360.760714,6360.760714,0
15-06-2020 08:00,954753.9893,1328258.97,25.63210993,41.06909197,0.540299876,15912.56649,15912.56649,0
15-06-2020 09:00,1125243.671,1565445.148,26.53767092,43.81264313,0.636110492,18754.06119,18754.06119,1
15-06-2020 10:00,1346564.929,1873348.492,27.79923691,47.94038264,0.771710238,22442.74881,22442.74881,1
15-06-2020 11:00,1124304.238,1564138.203,28.46163597,46.1065195,0.649246751,18738.40396,18738.40396,1
15-06-2020 12:00,913701.7661,1271146.893,28.74306619,42.57847421,0.504271625,15228.36277,15228.36277,0
15-06-2020 13:00,650515.9768,905001.3839,28.38929534,39.84406975,0.353765592,10841.93295,10841.93295,0
15-06-2020 14:00,914308.4036,1271990.85,27.43279793,39.77208158,0.473391411,15238.47339,15238.47339,0
15-06-2020 15:00,718073.8,998988.1969,28.02266135,39.44465305,0.391969436,11967.89667,11967.89667,0
15-06-2020 16:00,398001.8518,553702.3525,27.33979161,33.16111705,0.208768394,6633.364196,6633.364196,0
15-06-2020 17:00,215576.9804,299911.8738,26.83000865,30.33611607,0.116425436,3592.949673,3592.949673,0
15-06-2020 18:00,17180.00179,23900.91242,25.67055389,25.64614232,0.01080862,286.3333631,286.3333631,0
15-06-2020 19:00,0,0,23.06523069,21.8241076,2.68E-06,0,0,0
15-06-2020 20:00,0,0,23.33684132,22.0790508,0,0,0,0
15-06-2020 21:00,0,0,23.01675679,21.13574963,0,0,0,0
15-06-2020 22:00,0,0,23.37598572,22.30777529,0,0,0,0
15-06-2020 23:00,0,0,23.56334451,22.89228307,0,0,0,0
16-06-2020 00:00,0,0,22.75930636,21.32666143,0,0,0,0
16-06-2020 01:00,0,0,22.6856652,21.26338044,0,0,0,0
16-06-2020 02:00,0,0,22.58091629,21.69324636,0,0,0,0
16-06-2020 03:00,0,0,22.45330859,21.16227803,0,0,0,0
16-06-2020 04:00,0,0,22.60652457,21.77224136,0,0,0,0
16-06-2020 05:00,57.1,79.43783222,22.57988684,21.72800127,0.000460612,0.951666667,0.951666667,0
16-06-2020 06:00,82045.3125,114141.8874,22.78731913,22.89132634,0.045290865,1367.421875,1367.421875,0
16-06-2020 07:00,381394.4054,530597.9822,23.57982984,28.13220597,0.212780175,6356.573423,6356.573423,0
16-06-2020 08:00,698119.2232,971227.2806,24.86739718,35.40872066,0.379981145,11635.32039,11635.32039,0
16-06-2020 09:00,1008589.7,1403155.506,26.03337173,40.57017494,0.563614011,16809.82833,16809.82833,1
16-06-2020 10:00,1279372.95,1779870.644,27.34580669,48.08670958,0.714308861,21322.8825,21322.8825,1
16-06-2020 11:00,956614.4625,1330847.271,27.9634097,45.58062422,0.533691832,15943.57437,15943.57437,0
16-06-2020 12:00,775272.7643,1078563.709,27.89688777,42.13606431,0.420836046,12921.21274,12921.21274,0
16-06-2020 13:00,872306.4679,1213557.528,28.275429,42.60050101,0.466502071,14538.44113,14538.44113,0
16-06-2020 14:00,869594.9839,1209785.297,28.73159257,42.87148961,0.477453394,14493.24973,14493.24973,0
16-06-2020 15:00,669490.2708,931398.5255,28.10764338,38.08227923,0.35448266,11158.17118,11158.17118,0
16-06-2020 16:00,385031.4571,535657.8685,27.67886551,33.5023839,0.212006431,6417.190952,6417.190952,0
16-06-2020 17:00,179496.3911,249716.3607,26.48463799,28.3385838,0.098894371,2991.606518,2991.606518,0
16-06-2020 18:00,25214.69286,35078.81857,25.41242135,24.36629818,0.014478897,420.2448809,420.2448809,0
16-06-2020 19:00,0,0,24.47538216,22.77299146,0,0,0,0
16-06-2020 20:00,0,0,23.7333591,21.39004434,0,0,0,0
16-06-2020 21:00,0,0,23.38466819,21.42399636,0,0,0,0
16-06-2020 22:00,0,0,22.92244146,20.84978802,0,0,0,0
16-06-2020 23:00,0,0,22.92404192,21.31209041,0,0,0,0
17-06-2020 00:00,0,0,22.83212468,21.35452893,0,0,0,0
17-06-2020 01:00,0,0,22.68391649,21.25880646,0,0,0,0
17-06-2020 02:00,0,0,22.69594023,21.74726269,0,0,0,0
17-06-2020 03:00,0,0,22.80457054,22.36483074,0,0,0,0
17-06-2020 04:00,0,0,22.57856509,21.70419787,0,0,0,0
17-06-2020 05:00,41.9875,58.41323959,22.06951036,21.27321428,0.00033162,0.699791667,0.699791667,0
17-06-2020 06:00,47077.68393,65494.7313,22.10742445,22.30607414,0.034650267,784.6280655,784.6280655,0
17-06-2020 07:00,371547.3911,516898.7621,23.03735842,28.17188223,0.19974507,6192.456518,6192.456518,0
17-06-2020 08:00,517187.8375,719514.5475,24.23255305,32.29835582,0.270529084,8619.797292,8619.797292,0
17-06-2020 09:00,763381.2804,1062020.211,25.27576111,36.29674855,0.398626263,12723.02134,12723.02134,0
17-06-2020 10:00,874714.8929,1216908.142,26.13817447,39.38325243,0.464300128,14578.58155,14578.58155,0
17-06-2020 11:00,1167306.993,1623963.871,27.26145854,43.62210494,0.663332085,19455.11655,19455.11655,1
17-06-2020 12:00,1374144.046,1911716.711,28.7854069,50.21950923,0.789285785,22902.40077,22902.40077,1
17-06-2020 13:00,1083062.829,1506762.929,28.78054963,43.78031911,0.581676029,18051.04714,18051.04714,1
17-06-2020 14:00,897747.9786,1248951.897,28.68585093,42.04464828,0.478558137,14962.46631,14962.46631,0
17-06-2020 15:00,254937.6589,354670.6651,25.81830314,29.26013882,0.126960082,4248.960982,4248.960982,0
17-06-2020 16:00,288961.625,402004.9927,24.14171671,27.66858762,0.143055622,4816.027083,4816.027083,0
17-06-2020 17:00,155295.3268,216047.7078,24.20297385,26.19718317,0.081460828,2588.255446,2588.255446,0
17-06-2020 18:00,23594.23929,32824.43471,23.8214779,23.33450077,0.013214861,393.2373214,393.2373214,0
17-06-2020 19:00,0,0,23.31275258,22.28035317,0,0,0,0
17-06-2020 20:00,0,0,22.90619255,21.04115935,0,0,0,0
17-06-2020 21:00,0,0,22.94225132,21.710032,0,0,0,0
17-06-2020 22:00,0,0,22.22061957,21.08646766,0,0,0,0
17-06-2020 23:00,0,0,21.99955146,20.78692571,0,0,0,0
18-06-2020 00:00,0,0,21.99955146,20.78692571,0,0,0,0
